ID,x-inv,y-inv,force
0,-24.234234234234236,-50.0,117.61663631972381
1,21.771771771771775,-49.8998998998999,132.92874946313162
2,12.702702702702702,-49.7997997997998,114.41856768580571
3,22.792792792792795,-49.6996996996997,130.40177019978364
4,-0.1501501501501501,-49.5995995995996,123.53666852757861
5,24.174174174174176,-49.4994994994995,129.16057050523918
6,-26.816816816816818,-49.3993993993994,115.13141040365056
7,-13.243243243243242,-49.2992992992993,129.67110418962852
8,22.132132132132135,-49.1991991991992,128.05042662446934
9,-8.078078078078079,-49.0990990990991,112.71023849083733
10,12.762762762762762,-48.998998998999,110.18000739439645
11,-14.264264264264265,-48.8988988988989,126.11335037027064
12,19.969969969969966,-48.7987987987988,113.38674471942592
13,-26.216216216216218,-48.6986986986987,109.18390951305244
14,26.096096096096097,-48.5985985985986,126.08531433242975
15,-29.3993993993994,-48.4984984984985,110.81133929066277
16,27.41741741741742,-48.3983983983984,125.82796574533567
17,12.222222222222221,-48.2982982982983,107.25924140508289
18,7.117117117117118,-48.1981981981982,122.88038694410922
19,-2.4324324324324316,-48.0980980980981,108.25409047729326
20,-13.003003003003002,-47.997997997998,123.35368899124958
21,-5.915915915915917,-47.8978978978979,106.0449973843752
22,-17.56756756756757,-47.7977977977978,121.77504284122149
23,-17.50750750750751,-47.6976976976977,119.00771778284877
24,25.015015015015017,-47.5975975975976,120.0629876780655
25,-15.945945945945946,-47.4974974974975,120.06742196684107
26,6.996996996996998,-47.3973973973974,121.269812644098
27,-2.2522522522522515,-47.2972972972973,101.94941449515758
28,-4.234234234234233,-47.1971971971972,103.95299943503306
29,6.876876876876878,-47.0970970970971,117.47262715690655
30,8.078078078078079,-46.996996996997,119.05271915840355
31,-1.9519519519519513,-46.8968968968969,103.11201823879351
32,-4.5945945945945965,-46.7967967967968,102.0125994493886
33,3.3333333333333357,-46.6966966966967,115.6582362056315
34,-27.35735735735736,-46.5965965965966,99.32698442139436
35,2.8528528528528554,-46.4964964964965,118.16026647021734
36,23.093093093093096,-46.3963963963964,114.33374281487475
37,29.33933933933934,-46.2962962962963,116.98642180191241
38,22.432432432432435,-46.1961961961962,118.14897788780895
39,-5.735735735735737,-46.0960960960961,99.69842738905366
40,17.567567567567565,-45.995995995996,98.7708025719884
41,-18.64864864864865,-45.8958958958959,113.36979071632723
42,4.954954954954957,-45.7957957957958,112.29730733332406
43,4.894894894894897,-45.6956956956957,114.9497674665498
44,-1.8918918918918912,-45.5955955955956,95.01374103383036
45,1.531531531531531,-45.4954954954955,112.1458384653634
46,20.270270270270267,-45.3953953953954,97.34354069014206
47,15.045045045045043,-45.2952952952953,92.72707851793443
48,5.615615615615617,-45.1951951951952,110.40464563190207
49,12.822822822822822,-45.0950950950951,92.06010630386731
50,6.0960960960960975,-44.994994994995,110.08597401750183
51,9.21921921921922,-44.8948948948949,109.13010104297096
52,11.32132132132132,-44.7947947947948,92.91238129235067
53,10.12012012012012,-44.6946946946947,103.31926642400417
54,-5.855855855855857,-44.5945945945946,94.97361499380587
55,12.282282282282281,-44.4944944944945,88.44649376454919
56,-3.273273273273272,-44.394394394394396,93.48454623847591
57,3.3933933933933957,-44.294294294294296,105.7542902888667
58,-6.576576576576578,-44.194194194194196,89.11812320971177
59,-7.537537537537538,-44.094094094094096,89.53901746619718
60,-23.153153153153152,-43.993993993993996,88.51077169535489
61,-5.795795795795797,-43.893893893893896,89.57620310360048
62,-16.126126126126124,-43.793793793793796,104.55694992589856
63,-12.042042042042041,-43.693693693693696,104.57248771670226
64,-18.70870870870871,-43.593593593593596,103.3529166417219
65,-16.486486486486484,-43.493493493493496,102.65423652674487
66,29.21921921921922,-43.393393393393396,101.22058611102483
67,19.069069069069066,-43.293293293293296,82.37904217617283
68,1.651651651651651,-43.193193193193196,105.36028677397279
69,-11.681681681681681,-43.093093093093096,100.86295278846266
70,-15.345345345345345,-42.992992992992995,102.14223464516752
71,8.91891891891892,-42.892892892892895,100.49598965939623
72,-21.41141141141141,-42.792792792792795,88.40148831654194
73,24.474474474474476,-42.692692692692695,100.50424739012225
74,-2.5525525525525516,-42.592592592592595,81.67756190603204
75,25.975975975975977,-42.49249249249249,96.97792586756648
76,-10.54054054054054,-42.392392392392395,89.64743273360266
77,6.216216216216218,-42.29229229229229,97.8090316237953
78,3.993993993993996,-42.192192192192195,96.04727868041223
79,4.294294294294296,-42.09209209209209,95.19737959385499
80,27.8978978978979,-41.991991991991995,94.46842208770386
81,-22.43243243243243,-41.89189189189189,78.26376037726135
82,-21.89189189189189,-41.791791791791795,76.27884131534148
83,19.489489489489486,-41.69169169169169,77.72583336248968
84,-1.2912912912912908,-41.591591591591595,76.77422452764293
85,-0.8108108108108105,-41.49149149149149,81.18047753804375
86,-19.90990990990991,-41.391391391391394,91.48768118672248
87,-16.006006006006004,-41.29129129129129,92.80018718832447
88,-28.13813813813814,-41.191191191191194,77.77402941065614
89,21.951951951951955,-41.09109109109109,92.12947927393228
90,-4.834834834834837,-40.990990990990994,74.55040866279725
91,-4.354354354354353,-40.89089089089089,75.81279077160157
92,25.255255255255257,-40.790790790790794,92.26012323006333
93,20.870870870870867,-40.69069069069069,80.9941489443913
94,11.621621621621621,-40.590590590590594,74.90806269306981
95,-8.73873873873874,-40.49049049049049,70.88294214849886
96,-29.75975975975976,-40.390390390390394,70.6964990585137
97,28.25825825825826,-40.29029029029029,90.73756475024443
98,-0.4504504504504503,-40.190190190190194,74.85850851772258
99,-25.255255255255257,-40.09009009009009,69.35669781096183
100,9.3993993993994,-39.98998998998999,87.70318949527315
101,-21.35135135135135,-39.889889889889886,75.88033288227813
102,4.714714714714717,-39.78978978978979,85.21908356855161
103,28.43843843843844,-39.689689689689686,87.15819540755001
104,25.855855855855857,-39.58958958958959,86.15622090230033
105,8.318318318318319,-39.489489489489486,86.13939210968684
106,26.576576576576578,-39.38938938938939,85.71327547491211
107,-5.315315315315317,-39.289289289289286,67.95772739923638
108,8.558558558558559,-39.189189189189186,83.4542806141117
109,-26.036036036036037,-39.089089089089086,65.89759052965692
110,-20.57057057057057,-38.988988988988986,79.86734131215864
111,-13.303303303303302,-38.888888888888886,84.57698447185467
112,11.14114114114114,-38.788788788788786,74.3320763388158
113,14.744744744744743,-38.688688688688686,66.87032745135316
114,-28.25825825825826,-38.588588588588586,66.13119844274266
115,15.825825825825824,-38.488488488488485,65.64406720919773
116,9.51951951951952,-38.388388388388385,82.6306212619793
117,21.831831831831835,-38.288288288288285,79.21513283676845
118,-25.075075075075077,-38.188188188188185,66.134930016061
119,-1.711711711711711,-38.088088088088085,60.09473366617506
120,2.192192192192195,-37.987987987987985,82.26691497626943
121,-1.1111111111111107,-37.887887887887885,64.90608775365969
122,16.726726726726724,-37.787787787787785,63.041730954949166
123,13.003003003003002,-37.687687687687685,62.58978986555837
124,-8.318318318318319,-37.587587587587585,60.12587354764445
125,20.390390390390387,-37.487487487487485,66.76167379247563
126,-1.3513513513513509,-37.387387387387385,61.309690930800805
127,26.276276276276278,-37.287287287287285,80.14238222336323
128,-11.32132132132132,-37.187187187187185,74.69319994735146
129,24.834834834834837,-37.087087087087085,75.30922543862376
130,2.7927927927927954,-36.986986986986985,76.67976368565381
131,-22.49249249249249,-36.886886886886884,59.63703260545698
132,-8.378378378378379,-36.786786786786784,59.73701251874896
133,25.615615615615617,-36.686686686686684,76.41985818453436
134,-25.615615615615617,-36.586586586586584,58.86063090851271
135,-20.27027027027027,-36.486486486486484,70.07755921533365
136,5.555555555555557,-36.386386386386384,76.38381767226335
137,7.417417417417418,-36.286286286286284,74.0322116397684
138,1.1111111111111107,-36.186186186186184,72.51665593416784
139,18.228228228228225,-36.086086086086084,56.02438256987565
140,-26.576576576576578,-35.985985985985984,57.20787155934079
141,-11.801801801801801,-35.885885885885884,72.4884132051529
142,-22.61261261261261,-35.785785785785784,50.532876810369984
143,26.516516516516518,-35.685685685685684,67.752044907357
144,-15.165165165165165,-35.585585585585584,70.49782944735259
145,-20.69069069069069,-35.48548548548548,65.8046361753619
146,1.3513513513513509,-35.38538538538538,71.08689904368634
147,-11.02102102102102,-35.28528528528528,66.50677309415659
148,27.83783783783784,-35.18518518518518,67.0599131236838
149,-13.783783783783782,-35.08508508508508,70.68611736749591
150,13.243243243243242,-34.98498498498498,52.7575740865936
151,1.411411411411411,-34.88488488488488,70.45962133607397
152,-27.177177177177178,-34.78478478478478,54.77851124923261
153,28.4984984984985,-34.68468468468468,69.69110956661008
154,19.129129129129126,-34.58458458458458,50.0955194092299
155,25.795795795795797,-34.48448448448448,65.90094790134359
156,22.252252252252255,-34.38438438438438,66.69067125807763
157,-2.1921921921921914,-34.28428428428428,49.147791936476295
158,-26.396396396396398,-34.18418418418418,49.299140190694615
159,-23.993993993993996,-34.08408408408408,50.151133810799095
160,19.429429429429426,-33.98398398398398,48.54218912385985
161,5.195195195195197,-33.88388388388388,65.17226337232276
162,-17.147147147147145,-33.78378378378378,65.31961637812178
163,-6.456456456456458,-33.68368368368368,50.989356006996246
164,24.654654654654657,-33.58358358358358,61.4890349914805
165,18.648648648648646,-33.48348348348348,47.76313357020366
166,11.08108108108108,-33.38338338338338,50.726632471406255
167,8.97897897897898,-33.28328328328328,67.37779447249392
168,-23.573573573573572,-33.18318318318318,48.29111039172085
169,23.273273273273276,-33.08308308308308,64.220832611065
170,2.252252252252255,-32.98298298298298,61.54886079456888
171,15.645645645645644,-32.88288288288288,46.18151807674943
172,27.77777777777778,-32.78278278278278,62.86630828654944
173,-14.444444444444445,-32.68268268268268,60.89075517062768
174,-18.04804804804805,-32.58258258258258,60.50985385924046
175,-12.702702702702702,-32.48248248248248,63.56940212418964
176,-26.756756756756758,-32.38238238238238,45.962919220030884
177,-20.15015015015015,-32.28228228228228,59.54681900596792
178,-29.03903903903904,-32.18218218218218,42.619399105754965
179,21.891891891891895,-32.08208208208208,58.38908053128297
180,15.225225225225223,-31.98198198198198,43.97992298173788
181,-28.73873873873874,-31.88188188188188,44.24476235121654
182,-17.98798798798799,-31.78178178178178,57.4111057276695
183,28.13813813813814,-31.68168168168168,55.483022366231786
184,17.687687687687685,-31.58158158158158,46.0266123037364
185,26.336336336336338,-31.48148148148148,59.98134857567416
186,-20.99099099099099,-31.38138138138138,48.83485236257355
187,26.156156156156158,-31.28128128128128,58.57725231754564
188,9.87987987987988,-31.18118118118118,55.043956321147206
189,22.672672672672675,-31.08108108108108,59.5075979690465
190,2.372372372372375,-30.98098098098098,55.68884219992146
191,-25.975975975975977,-30.88088088088088,37.86873559076287
192,-16.906906906906904,-30.78078078078078,53.03008991516588
193,-3.6336336336336323,-30.68068068068068,39.341253932071794
194,6.396396396396398,-30.58058058058058,53.660156745640826
195,8.85885885885886,-30.48048048048048,57.69591914506064
196,-27.237237237237238,-30.38038038038038,37.601146954956505
197,2.9729729729729755,-30.28028028028028,53.54937092423579
198,-4.474474474474476,-30.18018018018018,36.59421024402947
199,18.588588588588586,-30.08008008008008,36.13739624026722
200,25.315315315315317,-29.97997997997998,54.504202090666475
201,0.39039039039039025,-29.87987987987988,49.376412046709746
202,18.348348348348345,-29.77977977977978,37.23976639758498
203,-16.666666666666664,-29.67967967967968,50.215037030235585
204,-28.4984984984985,-29.57957957957958,35.28286950061744
205,-6.216216216216218,-29.47947947947948,35.60574089393571
206,-21.77177177177177,-29.37937937937938,34.137761562872385
207,-8.138138138138139,-29.27927927927928,30.852838964585168
208,15.525525525525524,-29.17917917917918,32.758506759554315
209,-12.642642642642642,-29.07907907907908,51.74122197737365
210,-18.40840840840841,-28.97897897897898,49.21244111815811
211,5.915915915915917,-28.87887887887888,51.72026573918848
212,-4.774774774774777,-28.77877877877878,32.95403982859411
213,-1.1711711711711708,-28.67867867867868,30.76150003783886
214,6.0360360360360374,-28.578578578578576,48.98442081190324
215,20.150150150150147,-28.478478478478475,31.355507967451945
216,-10.48048048048048,-28.378378378378375,37.240146717844794
217,8.73873873873874,-28.278278278278275,48.957114407080205
218,-27.77777777777778,-28.178178178178175,33.41395613012257
219,23.693693693693696,-28.078078078078075,46.52740153678695
220,7.057057057057058,-27.977977977977975,47.25879282439047
221,3.2732732732732757,-27.877877877877875,47.70663755109993
222,-7.177177177177178,-27.777777777777775,33.35192420290633
223,-13.123123123123122,-27.677677677677675,45.63873471290889
224,-24.294294294294296,-27.577577577577575,30.164313074661383
225,9.75975975975976,-27.477477477477475,44.87181402059953
226,-9.0990990990991,-27.377377377377375,31.70250060733466
227,-14.744744744744745,-27.277277277277275,44.75781558994117
228,19.729729729729726,-27.177177177177175,29.89163003982159
229,-8.438438438438439,-27.077077077077075,26.943888186641722
230,14.144144144144143,-26.976976976976974,29.319905888284428
231,24.534534534534536,-26.876876876876874,42.56191128108838
232,13.303303303303302,-26.776776776776774,27.334826848860935
233,-12.102102102102101,-26.676676676676674,45.27910887296045
234,0.8708708708708706,-26.576576576576574,42.59663834270657
235,22.072072072072075,-26.476476476476474,47.69273792052097
236,17.747747747747745,-26.376376376376374,27.734706237959486
237,-23.813813813813816,-26.276276276276274,27.28606037056449
238,1.7717717717717711,-26.176176176176174,45.76418554904547
239,-21.47147147147147,-26.076076076076074,31.493268837265397
240,-28.67867867867868,-25.975975975975974,24.065010204474248
241,-7.477477477477478,-25.875875875875874,24.751413274693707
242,-10.72072072072072,-25.775775775775774,34.74652854617909
243,6.336336336336338,-25.675675675675674,38.84332927073924
244,19.849849849849846,-25.575575575575574,22.18740995826105
245,-11.741741741741741,-25.475475475475474,41.30809795302899
246,15.885885885885884,-25.375375375375373,26.616110328199156
247,-10.9009009009009,-25.275275275275273,36.75609019982986
248,-9.93993993993994,-25.175175175175173,26.17355327072697
249,16.786786786786784,-25.075075075075073,24.88330134658696
250,22.732732732732735,-24.974974974974973,38.02564874610713
251,12.582582582582582,-24.874874874874873,19.700576863787095
252,-26.096096096096097,-24.774774774774773,21.461819989774614
253,11.981981981981981,-24.674674674674673,20.67241288145042
254,-10.06006006006006,-24.574574574574573,25.087116468733374
255,-6.276276276276278,-24.474474474474473,23.66084535810293
256,9.0990990990991,-24.374374374374373,37.772041415102656
257,0.2702702702702702,-24.274274274274273,30.84045083893467
258,-21.17117117117117,-24.174174174174173,24.784638073275993
259,27.237237237237238,-24.074074074074073,36.477706205182486
260,5.975975975975977,-23.973973973973973,38.4958775812284
261,-7.777777777777779,-23.873873873873872,21.649823372442185
262,4.5945945945945965,-23.773773773773772,35.8445341196433
263,-14.504504504504505,-23.673673673673672,37.47940819634373
264,4.414414414414416,-23.573573573573572,37.09589143482603
265,-10.84084084084084,-23.473473473473472,30.59436719833801
266,-11.14114114114114,-23.373373373373372,32.986089575582156
267,-10.12012012012012,-23.273273273273272,24.871504539858844
268,-1.531531531531531,-23.173173173173172,17.28667890712704
269,3.813813813813816,-23.073073073073072,34.10399832271999
270,-19.60960960960961,-22.972972972972972,34.155126928500074
271,-24.054054054054056,-22.872872872872872,19.623128286434245
272,19.249249249249246,-22.772772772772772,15.724554857275518
273,-27.8978978978979,-22.67267267267267,19.435852007815207
274,-19.42942942942943,-22.57257257257257,35.54281253815655
275,-0.3303303303303302,-22.47247247247247,22.793584735663362
276,12.042042042042041,-22.37237237237237,16.38812423381887
277,-2.3123123123123115,-22.27227227227227,13.773755325292498
278,-11.861861861861861,-22.17217217217217,34.11494743341776
279,25.075075075075077,-22.07207207207207,31.67720266207895
280,26.396396396396398,-21.97197197197197,33.34670908810812
281,12.882882882882882,-21.87187187187187,13.804490191708458
282,9.33933933933934,-21.77177177177177,32.50622700149579
283,27.2972972972973,-21.67167167167167,31.886228458905613
284,11.26126126126126,-21.57157157157157,16.016385744487852
285,29.93993993993994,-21.47147147147147,32.219835095550955
286,-9.51951951951952,-21.37137137137137,16.76843421851598
287,-25.555555555555557,-21.27127127127127,14.412337160814433
288,4.5345345345345365,-21.17117117117117,32.48842777953029
289,0.6906906906906904,-21.07107107107107,28.5756363792929
290,5.435435435435437,-20.97097097097097,29.701026862532334
291,10.24024024024024,-20.87087087087087,26.733427014043503
292,-3.8138138138138125,-20.77077077077077,13.276137265372077
293,7.957957957957959,-20.67067067067067,28.120971822155777
294,27.53753753753754,-20.57057057057057,26.68723002842492
295,-13.723723723723722,-20.47047047047047,27.478362004822706
296,-4.714714714714717,-20.37037037037037,12.380162646337942
297,-24.774774774774777,-20.27027027027027,13.35762457431508
298,18.408408408408405,-20.17017017017017,9.48879832022438
299,-24.414414414414416,-20.070070070070066,12.00055590575628
300,-9.6996996996997,-19.969969969969966,13.200832451759695
301,10.72072072072072,-19.869869869869866,19.482534746278056
302,-14.324324324324325,-19.769769769769766,28.411784820603206
303,-24.834834834834837,-19.669669669669666,11.630583855930851
304,-11.981981981981981,-19.569569569569566,29.20636873197558
305,22.552552552552555,-19.469469469469466,30.254732271677142
306,4.174174174174176,-19.369369369369366,25.594269404227113
307,8.498498498498499,-19.269269269269266,27.80298465974181
308,23.513513513513516,-19.169169169169166,26.615753814287334
309,7.357357357357358,-19.069069069069066,26.598510852291973
310,11.2012012012012,-18.968968968968966,9.70474790939289
311,-29.45945945945946,-18.868868868868866,8.254417448403137
312,6.696696696696698,-18.768768768768766,22.840463553476738
313,-27.47747747747748,-18.668668668668666,10.161357085086411
314,-12.822822822822822,-18.568568568568566,27.670470880988486
315,27.057057057057058,-18.468468468468465,24.381552328696806
316,16.846846846846844,-18.368368368368365,8.726531435589505
317,14.924924924924923,-18.268268268268265,9.061988201410914
318,24.414414414414416,-18.168168168168165,23.034178520500777
319,11.681681681681681,-18.068068068068065,7.686386473552463
320,-0.7507507507507505,-17.967967967967965,10.519185059841163
321,5.735735735735737,-17.867867867867865,28.16160668185462
322,-4.414414414414416,-17.767767767767765,7.592385797321475
323,-9.33933933933934,-17.667667667667665,6.2068288308154935
324,9.03903903903904,-17.567567567567565,23.51095874478869
325,-0.6906906906906904,-17.467467467467465,10.74415568287979
326,-15.225225225225225,-17.367367367367365,23.237849205620172
327,0.4504504504504503,-17.267267267267265,18.882364463959906
328,-13.963963963963963,-17.167167167167165,21.254581246053878
329,-5.075075075075077,-17.067067067067065,7.264537867331864
330,-25.315315315315317,-16.966966966966964,6.266023095269526
331,-14.084084084084084,-16.866866866866864,22.450425541917166
332,-23.333333333333332,-16.766766766766764,4.259956553473025
333,28.61861861861862,-16.666666666666664,26.00612081171494
334,-16.366366366366364,-16.566566566566564,22.77185784789803
335,-5.195195195195197,-16.466466466466464,3.8661043189214537
336,-14.564564564564565,-16.366366366366364,22.803767216693092
337,29.3993993993994,-16.266266266266264,22.353016418591725
338,29.75975975975976,-16.166166166166164,21.183364423441006
339,0.9909909909909906,-16.066066066066064,17.647465540444507
340,9.57957957957958,-15.965965965965964,17.93322233822293
341,21.711711711711715,-15.865865865865864,19.163279776168622
342,29.6996996996997,-15.765765765765764,20.98616199941356
343,-22.07207207207207,-15.665665665665664,4.819112295982914
344,16.126126126126124,-15.565565565565564,6.139808486833738
345,-29.15915915915916,-15.465465465465464,2.753763325613711
346,18.828828828828826,-15.365365365365363,2.793828139078575
347,-13.903903903903903,-15.265265265265263,19.09500390148445
348,10.18018018018018,-15.165165165165163,9.979115582818451
349,-9.03903903903904,-15.065065065065063,0.9549821165667978
350,11.741741741741741,-14.964964964964963,1.4190707426383413
351,18.768768768768766,-14.864864864864863,2.507468493236882
352,0.09009009009009006,-14.764764764764763,11.590587477792644
353,-19.30930930930931,-14.664664664664663,19.883560330812596
354,-0.5105105105105103,-14.564564564564563,5.16523195783499
355,-12.522522522522522,-14.464464464464463,18.520892631245736
356,14.624624624624623,-14.364364364364363,0.11352425562005042
357,-24.894894894894897,-14.264264264264263,3.9577269190212014
358,25.195195195195197,-14.164164164164163,17.657727610747642
359,-3.8738738738738725,-14.064064064064063,3.364662063964383
360,13.783783783783782,-13.963963963963963,4.0141673818950725
361,14.504504504504503,-13.863863863863862,2.049557179910797
362,15.285285285285283,-13.763763763763762,3.445781805244325
363,-13.363363363363362,-13.663663663663662,14.828477256379141
364,-19.66966966966967,-13.563563563563562,19.374911039015835
365,8.618618618618619,-13.463463463463462,19.35377307881151
366,-11.441441441441441,-13.363363363363362,17.671881491838693
367,3.0330330330330355,-13.263263263263262,16.20453927889004
368,5.795795795795797,-13.163163163163162,17.119489964629896
369,0.8108108108108105,-13.063063063063062,15.068346770572138
370,-2.4924924924924916,-12.962962962962962,-2.008484732283895
371,13.843843843843842,-12.862862862862862,2.992346549350703
372,-16.186186186186184,-12.762762762762762,18.63124567951275
373,-20.93093093093093,-12.662662662662662,6.693071706109269
374,-9.87987987987988,-12.562562562562562,4.595328343925386
375,18.048048048048045,-12.462462462462462,0.09984200909532456
376,-15.465465465465465,-12.362362362362362,15.136267876486876
377,29.81981981981982,-12.262262262262261,16.63669623501567
378,-28.85885885885886,-12.162162162162161,0.3083757802813534
379,8.438438438438439,-12.062062062062061,16.776566923506824
380,20.090090090090087,-11.961961961961961,0.7064503906399018
381,2.312312312312315,-11.861861861861861,16.24811817490428
382,-10.42042042042042,-11.761761761761761,9.536466299715585
383,23.033033033033036,-11.661661661661661,17.61503641549405
384,-6.516516516516518,-11.561561561561561,1.5892018196552824
385,20.810810810810807,-11.461461461461461,4.985541360944488
386,-29.81981981981982,-11.36136136136136,-2.7901339277058645
387,12.342342342342342,-11.26126126126126,-2.8812002073964598
388,-14.984984984984985,-11.16116116116116,12.402160531994653
389,-0.03003003003003002,-11.06106106106106,6.937639383420094
390,15.405405405405403,-10.96096096096096,-0.5491655155126725
391,2.6126126126126152,-10.86086086086086,16.1886729697856
392,-6.876876876876878,-10.76076076076076,-2.6888324237422476
393,0.5105105105105103,-10.66066066066066,12.077423055388739
394,-7.6576576576576585,-10.56056056056056,-3.9276015178489825
395,0.6306306306306304,-10.46046046046046,11.76454049340418
396,-7.897897897897899,-10.36036036036036,-3.417523959756668
397,-25.795795795795797,-10.26026026026026,-3.275217170541658
398,-16.426426426426424,-10.16016016016016,15.681576248692075
399,-14.924924924924925,-10.06006006006006,11.290266519144893
400,-1.7717717717717711,-9.95995995995996,-5.925680935918267
401,-7.7177177177177185,-9.85985985985986,-3.515223547623098
402,-7.357357357357358,-9.75975975975976,-1.8732526819292357
403,-9.21921921921922,-9.65965965965966,-1.5929198747161815
404,25.915915915915917,-9.55955955955956,15.146893193934535
405,6.636636636636638,-9.45945945945946,10.21485939781855
406,5.675675675675677,-9.35935935935936,14.006634962412765
407,-17.26726726726727,-9.25925925925926,13.678490175052506
408,19.549549549549546,-9.15915915915916,-4.533969251326613
409,1.2312312312312308,-9.05905905905906,12.518600960871696
410,-26.456456456456458,-8.95895895895896,-4.934059752384255
411,-26.336336336336338,-8.85885885885886,-6.035313890123616
412,3.753753753753756,-8.75875875875876,11.762276571882037
413,-22.972972972972972,-8.65865865865866,-5.307944119692929
414,-18.76876876876877,-8.558558558558559,14.882680785844206
415,10.0,-8.458458458458459,6.510481663204972
416,-3.4534534534534522,-8.358358358358359,-3.5864528403457676
417,-1.591591591591591,-8.258258258258259,-3.1306685754840595
418,-28.97897897897898,-8.158158158158159,-3.939983539471272
419,-6.1561561561561575,-8.058058058058059,-3.81796735081043
420,17.027027027027025,-7.957957957957959,-3.0019968911299335
421,-7.237237237237238,-7.857857857857859,-2.0820121280247323
422,-26.276276276276278,-7.7577577577577586,-6.9871329295066555
423,-10.36036036036036,-7.6576576576576585,4.123327140345978
424,-27.41741741741742,-7.557557557557558,-7.014492183544132
425,5.135135135135137,-7.457457457457458,11.789565782597187
426,13.663663663663662,-7.357357357357358,-2.756390959494486
427,-29.93993993993994,-7.257257257257251,-10.660549006732266
428,16.966966966966964,-7.157157157157151,-0.7801746453164018
429,23.753753753753756,-7.057057057057051,9.395279656557076
430,-21.59159159159159,-6.956956956956951,-3.240464136694779
431,27.71771771771772,-6.856856856856851,10.198323766881447
432,20.930930930930927,-6.756756756756751,2.1361211334476176
433,1.2912912912912908,-6.656656656656651,10.736458048203238
434,-11.2012012012012,-6.556556556556551,6.846794806543319
435,3.2132132132132156,-6.456456456456451,7.456177137290529
436,16.066066066066064,-6.3563563563563505,-3.9849344426887052
437,29.51951951951952,-6.2562562562562505,13.867509460873023
438,22.852852852852855,-6.15615615615615,12.552466794733812
439,14.684684684684683,-6.05605605605605,-5.085854514005849
440,-27.53753753753754,-5.95595595595595,-7.717280382068166
441,15.165165165165163,-5.85585585585585,-5.469868896197257
442,30.0,-5.75575575575575,12.545770924058239
443,18.708708708708706,-5.65565565565565,-8.055915584942678
444,-20.51051051051051,-5.55555555555555,2.3249926177614015
445,-15.585585585585585,-5.45545545545545,11.109384664120569
446,-11.561561561561561,-5.35535535535535,9.067839211912483
447,2.6726726726726753,-5.25525525525525,13.071492994860485
448,14.084084084084083,-5.15515515515515,-4.455742122808047
449,9.81981981981982,-5.05505505505505,9.866540114907025
450,23.573573573573576,-4.95495495495495,12.119533638159808
451,17.267267267267265,-4.85485485485485,-4.819598632425065
452,-27.95795795795796,-4.7547547547547495,-6.444452371119301
453,1.1711711711711708,-4.6546546546546494,11.033422498551095
454,6.1561561561561575,-4.554554554554549,8.169091870264815
455,1.711711711711711,-4.454454454454449,11.752542557359822
456,-18.16816816816817,-4.354354354354349,8.668381293475447
457,-7.837837837837839,-4.254254254254249,-8.297799483153034
458,-23.933933933933936,-4.154154154154149,-6.799717681846496
459,-7.297297297297298,-4.054054054054049,-7.5811285891297775
460,11.501501501501501,-3.953953953953949,-8.254731776839193
461,25.375375375375377,-3.853853853853849,9.364004630399451
462,0.03003003003003002,-3.753753753753749,-1.9653692849321374
463,11.801801801801801,-3.653653653653649,-8.136468814885784
464,10.84084084084084,-3.5535535535535487,0.6789221816023638
465,-18.22822822822823,-3.4534534534534487,9.41164592260655
466,19.609609609609606,-3.3533533533533486,-9.758923551726388
467,-13.843843843843842,-3.2532532532532485,5.881913824697569
468,-28.01801801801802,-3.1531531531531485,-4.978098426459211
469,3.0930930930930955,-3.0530530530530484,7.458818481304008
470,17.627627627627625,-2.9529529529529484,-5.857481014135998
471,3.633633633633636,-2.8528528528528483,7.180107598820578
472,28.55855855855856,-2.7527527527527482,9.147512986536736
473,12.402402402402402,-2.652652652652648,-7.922404462851986
474,-23.753753753753756,-2.552552552552548,-6.9909172399749
475,-5.555555555555557,-2.452452452452448,-8.551217409102023
476,20.630630630630627,-2.352352352352348,-3.479384647980151
477,23.633633633633636,-2.252252252252248,11.27675884475443
478,10.06006006006006,-2.152152152152148,3.645231439922216
479,15.345345345345343,-2.0520520520520478,-8.962287115003406
480,-1.471471471471471,-1.9519519519519477,-10.298300613250655
481,28.01801801801802,-1.8518518518518476,6.874393649051009
482,-14.864864864864865,-1.7517517517517476,9.610238387051337
483,29.0990990990991,-1.6516516516516475,9.392002150636003
484,-8.91891891891892,-1.5515515515515474,-7.574455249730504
485,-18.46846846846847,-1.4514514514514474,8.426405821103128
486,5.495495495495497,-1.3513513513513473,10.477363089218269
487,-3.5735735735735723,-1.2512512512512473,-3.00437721527994
488,-30.0,-1.1511511511511472,-7.500682607441901
489,-23.693693693693696,-1.0510510510510471,-6.830967911688924
490,-4.174174174174173,-0.9509509509509471,-6.526016911352404
491,7.777777777777779,-0.850850850850847,6.2661294277913875
492,16.906906906906904,-0.7507507507507469,-7.604614262506942
493,27.5975975975976,-0.6506506506506469,8.081407791126018
494,-29.27927927927928,-0.5505505505505468,-6.633835530570694
495,16.546546546546544,-0.45045045045044674,-7.722835861335206
496,-22.73273273273273,-0.3503503503503467,-9.389799487470622
497,17.507507507507505,-0.2502502502502466,-7.353259806544296
498,-5.675675675675677,-0.15015015015014654,-8.215375659517397
499,7.237237237237238,-0.05005005005004648,8.57657431358497
500,-5.255255255255257,0.050050050050053585,-6.6596376525716465
501,-2.7327327327327318,0.15015015015015365,-7.607888927568668
502,24.894894894894897,0.2502502502502537,7.496610471422856
503,-0.8708708708708706,0.3503503503503538,-7.9815167285547055
504,14.984984984984983,0.45045045045045384,-8.524706075205911
505,-23.453453453453452,0.5505505505505539,-7.731945707417907
506,-29.6996996996997,0.650650650650654,-10.693846032286984
507,0.7507507507507505,0.750750750750754,9.95637378979784
508,-20.63063063063063,0.8508508508508541,5.34771137560493
509,-8.198198198198199,0.9509509509509542,-10.08223758557764
510,-5.135135135135137,1.0510510510510542,-8.377511845837633
511,7.177177177177178,1.1511511511511543,6.99003753761482
512,5.855855855855857,1.2512512512512544,7.164809533401165
513,9.6996996996997,1.3513513513513544,9.707319883531165
514,9.27927927927928,1.4514514514514545,7.174571980006187
515,-14.804804804804805,1.5515515515515546,7.909785371387385
516,-0.9309309309309306,1.6516516516516546,-7.142202945614795
517,-26.516516516516518,1.7517517517517547,-6.978076831623249
518,-16.846846846846844,1.8518518518518547,9.540362361268519
519,-16.606606606606604,1.9519519519519548,8.595678071825708
520,21.591591591591595,2.052052052052055,3.69234243652442
521,-13.423423423423422,2.152152152152155,8.30562533400986
522,-23.873873873873876,2.252252252252255,-8.051828981675381
523,15.585585585585584,2.352352352352355,-5.946674785843
524,-6.816816816816818,2.452452452452455,-8.355870061384906
525,-17.44744744744745,2.552552552552555,6.483377384052636
526,-2.0720720720720713,2.6526526526526553,-7.212013185267466
527,-19.00900900900901,2.7527527527527553,11.22349166754033
528,3.1531531531531556,2.8528528528528554,7.340720226195576
529,2.072072072072075,2.9529529529529555,9.448855527195958
530,7.537537537537538,3.0530530530530555,8.407210757662133
531,23.453453453453456,3.1531531531531556,6.796361705100554
532,-7.117117117117118,3.2532532532532557,-8.080678346096418
533,10.9009009009009,3.3533533533533557,-1.9818666177241315
534,8.67867867867868,3.453453453453456,11.265895176960234
535,28.67867867867868,3.553553553553556,9.378599584589685
536,28.1981981981982,3.653653653653656,8.524274892685746
537,4.834834834834837,3.753753753753756,9.760534383693884
538,20.570570570570567,3.853853853853856,-2.4906215817567006
539,10.78078078078078,3.953953953953956,-1.6509288971806555
540,-19.54954954954955,4.054054054054056,11.698889979987381
541,-2.0120120120120113,4.154154154154156,-7.5259419490185335
542,25.435435435435437,4.254254254254256,8.3898977098408
543,-29.0990990990991,4.354354354354356,-6.070845055805204
544,-6.0960960960960975,4.454454454454456,-5.921687776704317
545,-17.38738738738739,4.5545545545545565,11.971422769713826
546,-28.91891891891892,4.6546546546546566,-10.264952372582936
547,24.594594594594597,4.754754754754757,8.826037285312864
548,11.381381381381381,4.854854854854857,-6.336101306099835
549,14.324324324324323,4.954954954954957,-6.671650135547524
550,23.333333333333336,5.055055055055057,12.363627917071588
551,3.873873873873876,5.155155155155157,8.20955464249267
552,-6.396396396396398,5.255255255255257,-4.34416243393047
553,-28.07807807807808,5.355355355355357,-7.234372216267966
554,14.564564564564563,5.455455455455457,-5.136474931122057
555,29.57957957957958,5.555555555555557,8.83849982630991
556,-20.39039039039039,5.655655655655657,8.939598757024037
557,19.909909909909906,5.755755755755757,-4.133118083478417
558,-14.384384384384385,5.855855855855857,8.471869500956414
559,-21.95195195195195,5.955955955955957,-6.086679629819236
560,-20.21021021021021,6.0560560560560575,5.5500883121874285
561,2.012012012012015,6.1561561561561575,12.73874642926912
562,14.804804804804803,6.256256256256258,-11.482527140491928
563,26.216216216216218,6.356356356356358,11.363212082740857
564,13.723723723723722,6.456456456456458,-4.054627431453225
565,28.37837837837838,6.556556556556558,11.484858378082759
566,7.5975975975975985,6.656656656656658,10.910022878592311
567,10.6006006006006,6.756756756756758,1.5530004161472886
568,23.813813813813816,6.856856856856858,9.786676280828795
569,26.036036036036037,6.956956956956958,9.913503346739999
570,10.66066066066066,7.057057057057058,1.4098434651570115
571,29.63963963963964,7.157157157157158,10.773566701038297
572,-27.117117117117118,7.257257257257258,-7.0362035009572965
573,9.93993993993994,7.357357357357358,4.190597719703178
574,-14.624624624624625,7.457457457457458,8.5114888816824
575,23.213213213213216,7.557557557557558,12.045624309500157
576,23.393393393393396,7.6576576576576585,11.126737166574689
577,-22.912912912912912,7.7577577577577586,-5.190306689562665
578,-22.19219219219219,7.857857857857859,-6.550922882007886
579,5.315315315315317,7.957957957957959,12.944640882316943
580,22.972972972972975,8.058058058058059,9.665034096392416
581,12.522522522522522,8.158158158158159,-5.718250881799986
582,17.147147147147145,8.258258258258259,-4.4286463937576075
583,2.492492492492495,8.358358358358359,14.930268934329389
584,12.462462462462462,8.458458458458459,-3.537528289767071
585,4.354354354354356,8.558558558558559,13.599099812027042
586,-10.0,8.65865865865866,1.2403876118628379
587,-17.68768768768769,8.75875875875876,12.129124645704866
588,20.690690690690687,8.85885885885886,0.8575550973915389
589,-23.213213213213212,8.95895895895896,-4.9121009944863765
590,27.65765765765766,9.05905905905906,10.62241501155484
591,13.183183183183182,9.15915915915916,-4.32008489471805
592,-3.6936936936936924,9.25925925925926,-3.0781337235421247
593,11.561561561561561,9.35935935935936,-4.1549831659466685
594,7.477477477477478,9.45945945945946,10.596495135820819
595,-8.67867867867868,9.55955955955956,-5.236362203481729
596,-24.534534534534536,9.65965965965966,0.48514363033656993
597,-24.654654654654657,9.75975975975976,-1.6895967048864173
598,-0.5705705705705704,9.859859859859867,0.5706355559172864
599,1.9519519519519513,9.959959959959967,12.193325885696282
600,-27.65765765765766,10.060060060060067,-1.8533943049015977
601,16.306306306306304,10.160160160160167,-3.2654620035143767
602,26.456456456456458,10.260260260260267,14.189398601568593
603,13.363363363363362,10.360360360360367,-4.610338925452776
604,6.576576576576578,10.460460460460467,11.039937414674585
605,3.513513513513516,10.560560560560567,12.995134942274847
606,8.258258258258259,10.660660660660668,14.132908997346856
607,-17.74774774774775,10.760760760760768,14.852715772738389
608,19.789789789789786,10.860860860860868,-1.58267671025203
609,-15.705705705705705,10.960960960960968,14.070190911005731
610,12.102102102102101,11.061061061061068,-4.809272572135461
611,1.8918918918918912,11.161161161161168,15.568501342707501
612,-1.651651651651651,11.261261261261268,-2.768568388927447
613,-21.83183183183183,11.361361361361368,-2.911487555981772
614,-8.85885885885886,11.461461461461468,-1.1286010882036641
615,17.207207207207205,11.561561561561568,-1.102128549916686
616,-23.273273273273272,11.661661661661668,0.7745729741377327
617,-26.996996996996998,11.761761761761768,-2.3201219797880355
618,19.309309309309306,11.861861861861868,-3.2657087683569417
619,-19.78978978978979,11.961961961961968,15.76893744748675
620,-12.762762762762762,12.062062062062068,13.200745160538704
621,7.897897897897899,12.162162162162168,16.438369383032754
622,21.231231231231227,12.262262262262269,10.12652058679948
623,27.95795795795796,12.362362362362369,15.876971423668873
624,28.7987987987988,12.462462462462469,15.300197020648481
625,14.864864864864863,12.562562562562569,-1.7243210327386171
626,-11.08108108108108,12.662662662662669,12.257639714557804
627,-5.435435435435437,12.762762762762769,3.432547623353652
628,12.162162162162161,12.862862862862869,-1.9722095392103787
629,-26.696696696696698,12.962962962962969,2.2488880890326546
630,-25.915915915915917,13.063063063063069,-0.9825344266205935
631,19.369369369369366,13.16316316316317,-3.9282215302606796
632,-6.0360360360360374,13.26326326326327,1.3097879487506923
633,3.693693693693696,13.36336336336337,17.503336117215877
634,17.987987987987985,13.46346346346347,-0.009323135833389173
635,-20.09009009009009,13.56356356356357,15.940808389771933
636,-4.954954954954957,13.66366366366367,0.24409118528356832
637,14.204204204204203,13.76376376376377,-0.40205418401419113
638,1.8318318318318312,13.86386386386387,18.93852795452766
639,-2.6126126126126117,13.96396396396397,2.044535114531238
640,13.963963963963963,14.06406406406407,1.5174148075921032
641,21.291291291291294,14.164164164164163,14.209870472052025
642,-19.84984984984985,14.26426426426427,17.206524031979388
643,12.642642642642642,14.364364364364363,1.4022297883683796
644,-6.336336336336338,14.46446446446447,0.3495560449646091
645,19.189189189189186,14.564564564564563,-3.1411304307467267
646,29.03903903903904,14.66466466466467,19.434907505454625
647,-12.882882882882882,14.764764764764763,21.441492403264746
648,-21.05105105105105,14.86486486486487,11.07848499416244
649,-3.033033033033032,14.964964964964963,2.397336709084512
650,-10.18018018018018,15.06506506506507,9.464690676085715
651,13.423423423423422,15.165165165165163,3.8891370645687044
652,-12.282282282282281,15.26526526526527,21.21662556130259
653,-9.75975975975976,15.365365365365363,6.895832180960634
654,-20.33033033033033,15.46546546546547,15.340162669508679
655,17.087087087087085,15.565565565565564,5.724043239220901
656,2.132132132132135,15.66566566566567,20.39433315241149
657,-26.636636636636638,15.765765765765764,5.306391700838585
658,28.85885885885886,15.86586586586587,21.53864115346094
659,18.948948948948946,15.965965965965964,1.102143065122097
660,20.030030030030026,16.06606606606607,8.167258903605862
661,-14.684684684684685,16.166166166166164,19.567448967674455
662,-5.975975975975977,16.26626626626627,5.631043028743942
663,28.91891891891892,16.366366366366364,19.973466894598754
664,-18.10810810810811,16.46646646646647,20.900844357727035
665,-16.546546546546544,16.566566566566564,22.90624123878768
666,-25.855855855855857,16.66666666666667,7.803441782319416
667,-5.015015015015017,16.766766766766764,2.0622162806502393
668,13.123123123123122,16.86686686686687,7.152610362690805
669,-11.921921921921921,16.966966966966964,25.763966052126065
670,13.063063063063062,17.06706706706707,7.843859344261407
671,-26.876876876876878,17.167167167167165,6.000469224199814
672,-29.63963963963964,17.267267267267272,7.375157896936322
673,-2.972972972972972,17.367367367367365,8.83263292831666
674,-3.153153153153152,17.467467467467472,7.93019030736266
675,-27.83783783783784,17.567567567567565,7.2340222627915
676,-8.7987987987988,17.667667667667672,6.051812675717665
677,-28.61861861861862,17.767767767767765,8.656699990172255
678,-19.36936936936937,17.867867867867872,23.38281584050348
679,-25.015015015015017,17.967967967967965,11.710739320528882
680,-20.45045045045045,18.068068068068072,18.512723032243187
681,7.6576576576576585,18.168168168168165,24.938480728230026
682,-11.621621621621621,18.268268268268272,24.197455026326143
683,14.264264264264263,18.36836836836838,9.448416137993734
684,19.669669669669666,18.468468468468473,6.962382084649775
685,-3.093093093093092,18.56856856856858,8.90861841371121
686,-1.8318318318318312,18.668668668668673,10.250078955346655
687,-19.48948948948949,18.76876876876878,28.439865565968027
688,-15.825825825825826,18.868868868868873,26.612275892792187
689,16.486486486486484,18.96896896896898,11.584157054664876
690,-1.0510510510510507,19.069069069069073,10.866690204208384
691,28.97897897897898,19.16916916916918,26.13225853495557
692,-14.024024024024024,19.269269269269273,26.31599476355214
693,14.384384384384383,19.36936936936938,10.520814714512142
694,25.675675675675677,19.469469469469473,25.50441831037727
695,-13.183183183183182,19.56956956956958,28.400627134970073
696,19.009009009009006,19.669669669669673,9.909353953563102
697,-24.174174174174176,19.76976976976978,12.895554928384605
698,-9.57957957957958,19.869869869869873,10.053129667816023
699,21.171171171171167,19.96996996996998,23.985010444244963
700,-27.057057057057058,20.070070070070074,11.752170854747396
701,20.450450450450447,20.17017017017018,16.377620446074037
702,-15.045045045045045,20.270270270270274,27.66951522740155
703,6.276276276276278,20.37037037037038,26.962241361161674
704,-17.027027027027025,20.470470470470474,27.708384827474475
705,-12.942942942942942,20.57057057057058,29.07182853132403
706,-11.26126126126126,20.670670670670674,28.506486815862054
707,2.432432432432435,20.77077077077078,29.856810858090995
708,10.54054054054054,20.870870870870874,22.711359332869154
709,27.35735735735736,20.97097097097098,30.59506492496051
710,0.1501501501501501,21.071071071071074,22.758570556129015
711,-5.495495495495497,21.17117117117118,11.29241919650079
712,0.3303303303303302,21.271271271271274,26.476470528166004
713,-28.1981981981982,21.37137137137138,17.368979846536366
714,18.888888888888886,21.471471471471475,13.009519280706954
715,5.075075075075077,21.57157157157158,30.43030267002484
716,22.912912912912915,21.671671671671675,31.759991196231255
717,-20.87087087087087,21.771771771771782,22.998732056903435
718,4.054054054054056,21.871871871871875,29.908368020816905
719,-3.393393393393392,21.971971971971982,16.137139926420044
720,9.15915915915916,22.072072072072075,31.906229226560818
721,-29.57957957957958,22.172172172172182,14.537599162046348
722,15.765765765765764,22.272272272272275,16.111025496723954
723,10.96096096096096,22.372372372372382,21.55881310867845
724,-3.9939939939939926,22.472472472472475,19.7184314221569
725,-13.063063063063062,22.572572572572582,31.969009315827194
726,11.02102102102102,22.672672672672675,18.837259947522774
727,10.48048048048048,22.772772772772782,24.4530427855952
728,26.876876876876878,22.872872872872875,34.23453467109178
729,8.138138138138139,22.972972972972983,33.6987598019826
730,-29.21921921921922,23.073073073073076,17.748690267298624
731,-22.792792792792792,23.173173173173183,15.82768446578758
732,-6.936936936936938,23.273273273273276,20.315671040593276
733,-18.34834834834835,23.373373373373383,33.161950581070585
734,-0.21021021021021014,23.473473473473476,23.520719157038386
735,21.351351351351354,23.573573573573583,32.987104664474124
736,-10.96096096096096,23.673673673673676,35.52391551491651
737,-3.333333333333332,23.773773773773783,21.11660743455217
738,-0.6306306306306304,23.873873873873876,23.681688125367668
739,5.255255255255257,23.973973973973983,39.026488267540074
740,25.735735735735737,24.074074074074076,39.51263366449855
741,-10.66066066066066,24.174174174174183,27.703604251510537
742,-4.894894894894897,24.274274274274276,20.781247004738866
743,16.186186186186184,24.374374374374383,21.557811217689427
744,17.447447447447445,24.474474474474476,24.15433130593329
745,18.288288288288285,24.574574574574584,22.45754931543996
746,-8.018018018018019,24.674674674674677,20.330105350022688
747,-28.43843843843844,24.774774774774784,23.584202780122343
748,-27.5975975975976,24.874874874874877,23.52656474177833
749,6.456456456456458,24.974974974974984,37.729425248679924
750,3.573573573573576,25.075075075075077,37.105849788366065
751,24.114114114114116,25.175175175175184,40.3148244852822
752,8.7987987987988,25.275275275275277,41.95028030881621
753,-8.618618618618619,25.375375375375384,20.443353213348246
754,-25.135135135135137,25.475475475475477,24.711220695772134
755,-3.7537537537537524,25.575575575575584,26.401314593625084
756,-13.543543543543542,25.675675675675677,39.992593206948676
757,-25.435435435435437,25.775775775775784,25.36412751635927
758,-2.1321321321321314,25.875875875875877,27.55338415650475
759,-10.3003003003003,25.975975975975985,33.5485676384906
760,-29.51951951951952,26.076076076076077,28.455557079027887
761,-9.3993993993994,26.176176176176185,27.37478351391686
762,-3.9339339339339325,26.276276276276278,25.890637418611096
763,17.927927927927925,26.376376376376385,28.132546139126678
764,26.816816816816818,26.476476476476478,43.74162025072255
765,-8.498498498498499,26.576576576576585,28.25611899960634
766,13.483483483483482,26.676676676676678,29.777023776326487
767,-23.033033033033032,26.776776776776785,24.519878250006606
768,-22.37237237237237,26.876876876876878,27.58216734680506
769,-21.23123123123123,26.976976976976985,35.88717243403338
770,-7.417417417417418,27.077077077077078,28.436399916416452
771,-19.12912912912913,27.177177177177185,47.156326031640624
772,-0.2702702702702702,27.27727727727728,36.27048830319288
773,3.933933933933936,27.377377377377385,41.10206710269893
774,25.495495495495497,27.47747747747748,48.71667088788195
775,-14.204204204204204,27.577577577577586,49.236326571644575
776,-29.87987987987988,27.67767767767768,29.54942225379793
777,22.312312312312315,27.777777777777786,46.29585400557741
778,7.7177177177177185,27.87787787787788,48.22023420170793
779,11.441441441441441,27.977977977977986,32.15178295937978
780,4.474474474474476,28.07807807807808,50.04976629983176
781,-19.06906906906907,28.178178178178186,53.100617345521485
782,20.990990990990987,28.27827827827828,38.19705815159043
783,7.837837837837839,28.378378378378386,49.58564633135777
784,-22.13213213213213,28.47847847847848,34.68348875929761
785,-17.32732732732733,28.578578578578586,44.17659747995643
786,-28.55855855855856,28.67867867867868,33.36281035322689
787,22.192192192192195,28.778778778778786,49.33854168431542
788,-15.285285285285285,28.87887887887888,52.361467083685504
789,15.465465465465464,28.978978978978986,35.12595913470612
790,10.36036036036036,29.07907907907908,42.98806892511268
791,16.006006006006004,29.179179179179187,35.361758575385906
792,-8.258258258258259,29.27927927927928,34.199714350625044
793,-5.615615615615617,29.379379379379387,37.53408671533397
794,18.468468468468465,29.47947947947948,31.811915482160284
795,-17.087087087087085,29.579579579579587,50.45925032691688
796,16.426426426426424,29.67967967967968,37.97976736723427
797,-16.786786786786784,29.779779779779787,50.10542746979368
798,-24.354354354354356,29.87987987987988,36.81934584857925
799,-21.53153153153153,29.979979979979987,40.12721915453771
800,21.051051051051047,30.08008008008008,44.90492424983645
801,-16.726726726726724,30.180180180180187,53.06246872752094
802,-17.80780780780781,30.28028028028028,53.48873686712851
803,0.9309309309309306,30.380380380380387,54.025039995702514
804,23.933933933933936,30.48048048048048,54.30489459029217
805,-12.402402402402402,30.580580580580587,56.10569508443358
806,-12.462462462462462,30.68068068068068,56.44302578311762
807,-14.144144144144144,30.780780780780788,53.67667598191185
808,29.15915915915916,30.88088088088088,56.26418811288092
809,2.9129129129129154,30.980980980980988,54.824157499382686
810,5.375375375375377,31.08108108108108,59.5227926743509
811,6.516516516516518,31.181181181181188,55.74062052901562
812,12.942942942942942,31.28128128128128,40.26884234266011
813,-3.5135135135135123,31.381381381381388,42.0333104774062
814,-22.25225225225225,31.48148148148148,41.94512753826876
815,-19.24924924924925,31.581581581581588,55.659142466061056
816,2.552552552552555,31.68168168168168,57.34020270593582
817,-5.375375375375377,31.78178178178179,41.38886830650172
818,-12.222222222222221,31.88188188188188,60.592659717086846
819,-13.483483483483482,31.98198198198199,57.66433773990608
820,9.63963963963964,32.08208208208208,58.722989656011244
821,27.47747747747748,32.18218218218219,61.01998466795948
822,15.945945945945944,32.28228228228228,42.79659898899115
823,14.024024024024023,32.38238238238239,45.720878047838156
824,28.73873873873874,32.48248248248248,61.02063494535443
825,-18.94894894894895,32.58258258258259,64.48612578388347
826,-16.966966966966964,32.68268268268268,62.161186538736004
827,-24.594594594594597,32.78278278278279,45.50402335102715
828,-25.495495495495497,32.88288288288288,45.840903543908524
829,11.861861861861861,32.98298298298299,43.267661719864
830,16.606606606606604,33.08308308308308,48.635901471203645
831,-12.162162162162161,33.18318318318319,65.7272360361013
832,21.651651651651655,33.28328328328328,64.25791759657743
833,21.411411411411414,33.38338338338339,58.70814162913304
834,-8.558558558558559,33.48348348348348,48.135395574843145
835,-7.957957957957959,33.58358358358359,47.9680270313748
836,-4.114114114114113,33.68368368368368,48.69372102897687
837,6.816816816816818,33.78378378378379,64.33700781143419
838,17.387387387387385,33.88388388388388,48.63115273764811
839,-24.714714714714717,33.98398398398399,53.511783971580485
840,-6.756756756756758,34.08408408408408,48.18544308174165
841,10.42042042042042,34.18418418418419,63.54138477597397
842,20.210210210210207,34.28428428428428,53.222391904766425
843,-23.393393393393392,34.38438438438439,50.44044327868722
844,24.354354354354356,34.48448448448448,65.47708159138303
845,-16.306306306306304,34.58458458458459,67.56884854254646
846,24.774774774774777,34.68468468468468,66.31766708759417
847,-11.381381381381381,34.78478478478479,70.85375061752285
848,-13.603603603603602,34.88488488488488,67.2236622329687
849,-1.411411411411411,34.98498498498499,50.49168609482353
850,25.555555555555557,35.08508508508508,71.71500974659732
851,-15.105105105105105,35.18518518518519,71.06245752809787
852,5.015015015015017,35.28528528528528,70.10323314318077
853,-4.5345345345345365,35.38538538538539,55.418825519062175
854,-24.954954954954957,35.4854854854855,55.29771388265509
855,-18.52852852852853,35.58558558558559,75.3471247615293
856,-17.207207207207208,35.6856856856857,70.84133090543395
857,-17.86786786786787,35.78578578578579,69.24193055704642
858,16.246246246246244,35.8858858858859,55.06026649161513
859,-22.01201201201201,35.98598598598599,58.607933738211685
860,-22.55255255255255,36.0860860860861,55.620209428596375
861,-10.24024024024024,36.18618618618619,63.24844658544979
862,22.492492492492495,36.2862862862863,74.83941278381019
863,2.7327327327327353,36.38638638638639,76.17610182078081
864,-23.633633633633636,36.4864864864865,57.86681889996707
865,-25.195195195195197,36.58658658658659,58.280207046490524
866,-16.066066066066064,36.6866866866867,74.27376575436533
867,26.696696696696698,36.78678678678679,74.43784756405951
868,1.471471471471471,36.8868868868869,80.82712607791791
869,23.873873873873876,36.98698698698699,75.99314794432925
870,-2.3723723723723715,37.0870870870871,61.582859505079426
871,-9.27927927927928,37.18718718718719,60.74401446539169
872,20.510510510510507,37.2872872872873,65.74479752259177
873,21.111111111111107,37.38738738738739,70.59063022149483
874,-2.852852852852852,37.4874874874875,60.93860850580804
875,-10.78078078078078,37.58758758758759,71.04642607125774
876,1.0510510510510507,37.6876876876877,77.60299812562536
877,-4.6546546546546566,37.78778778778779,59.70104189201719
878,-22.852852852852852,37.8878878878879,61.50989097439183
879,9.45945945945946,37.98798798798799,81.17575902801649
880,-6.636636636636638,38.0880880880881,66.6795399547845
881,-23.513513513513512,38.18818818818819,65.87075813828928
882,-9.15915915915916,38.2882882882883,63.92154540400136
883,23.993993993993996,38.38838838838839,80.07355179177353
884,7.297297297297298,38.4884884884885,82.44013704414702
885,13.543543543543542,38.58858858858859,68.71705198205262
886,8.198198198198199,38.6886886886887,86.18569487359393
887,-4.294294294294293,38.78878878878879,64.83100229506778
888,-25.735735735735737,38.8888888888889,68.33851370205657
889,-0.39039039039039025,38.98898898898899,71.62672293129977
890,16.666666666666664,39.0890890890891,67.87038719647109
891,18.528528528528525,39.18918918918919,69.98569859389127
892,-21.65165165165165,39.2892892892893,73.44267200799081
893,-26.936936936936938,39.38938938938939,72.36904597240867
894,-27.2972972972973,39.4894894894895,70.0532237824332
895,26.996996996996998,39.58958958958959,86.40897488086878
896,-16.246246246246244,39.6896896896897,88.56596437988384
897,-1.2312312312312308,39.78978978978979,70.8136560400157
898,8.378378378378379,39.8898898898899,85.13493536037836
899,-28.7987987987988,39.98998998998999,72.23569235890355
900,-24.114114114114116,40.0900900900901,74.83962586493439
901,26.636636636636638,40.190190190190194,89.12031435211166
902,-18.28828828828829,40.2902902902903,88.45799111036719
903,-25.675675675675677,40.390390390390394,72.64836401093726
904,-15.885885885885886,40.4904904904905,91.51588152957835
905,-9.45945945945946,40.590590590590594,71.4380334112532
906,15.105105105105103,40.6906906906907,75.18681240774653
907,17.807807807807805,40.790790790790794,75.28517983175475
908,-8.97897897897898,40.8908908908909,76.38362951882016
909,-18.58858858858859,40.990990990990994,92.60967615804934
910,-3.213213213213212,41.0910910910911,77.61959155353637
911,-22.67267267267267,41.191191191191194,75.45191359606893
912,17.867867867867865,41.2912912912913,77.76963597594606
913,-15.525525525525525,41.391391391391394,95.55849972889942
914,23.153153153153156,41.4914914914915,95.24619845589595
915,4.774774774774777,41.591591591591595,93.502628757672
916,22.612612612612615,41.6916916916917,95.08361244905693
917,-7.5975975975975985,41.791791791791795,80.38887817678635
918,3.453453453453456,41.8918918918919,94.26814745687028
919,-26.156156156156158,41.991991991991995,80.57451116966696
920,29.27927927927928,42.0920920920921,95.18525907600022
921,4.6546546546546566,42.192192192192195,97.01381654739274
922,-20.03003003003003,42.2922922922923,97.39059324940561
923,-9.63963963963964,42.392392392392395,82.53188830822471
924,27.117117117117118,42.4924924924925,96.24455568714113
925,0.21021021021021014,42.592592592592595,93.0643007625986
926,14.444444444444443,42.6926926926927,84.36092373782128
927,-15.405405405405405,42.792792792792795,102.65911250839906
928,21.531531531531535,42.8928928928929,93.87658083675586
929,-19.18918918918919,42.992992992992995,100.90038670351618
930,-9.81981981981982,43.0930930930931,86.82558894467194
931,-4.054054054054053,43.193193193193196,88.59488922695155
932,27.177177177177178,43.2932932932933,99.49475411636779
933,18.168168168168165,43.393393393393396,82.84936452501456
934,-22.31231231231231,43.4934934934935,83.09521568561536
935,21.471471471471475,43.593593593593596,100.16124822545541
936,-12.342342342342342,43.6936936936937,104.42154371703676
937,28.31831831831832,43.793793793793796,103.94062090426348
938,13.603603603603602,43.8938938938939,88.4585324733337
939,-12.582582582582582,43.993993993993996,104.92002560664909
940,-18.82882882882883,44.0940940940941,106.93205592459738
941,-19.72972972972973,44.194194194194196,108.15428174330864
942,-21.29129129129129,44.2942942942943,95.49673335673866
943,-23.093093093093092,44.394394394394396,90.18462823615775
944,4.234234234234236,44.494494494494504,105.8826833220103
945,20.750750750750747,44.5945945945946,101.25448931482352
946,4.114114114114116,44.694694694694704,108.04045807652015
947,-10.6006006006006,44.7947947947948,102.4853407319902
948,-25.375375375375377,44.894894894894904,93.16688752373257
949,24.294294294294296,44.994994994995,106.72943277090299
950,-28.37837837837838,45.095095095095104,94.70462873124377
951,6.756756756756758,45.1951951951952,110.41465444884703
952,-24.474474474474476,45.295295295295304,94.69887160550891
953,13.903903903903903,45.3953953953954,96.11600861969913
954,1.591591591591591,45.495495495495504,110.89327095434147
955,24.234234234234236,45.5955955955956,111.22962846584772
956,10.3003003003003,45.695695695695704,106.8324135214338
957,28.07807807807808,45.7957957957958,112.90077941207858
958,25.135135135135137,45.895895895895904,111.51192992670246
959,22.012012012012015,45.995995995996,113.24454545467793
960,8.018018018018019,46.096096096096105,114.69269941772512
961,-21.71171171171171,46.1961961961962,97.9726936714624
962,29.87987987987988,46.296296296296305,118.06495237473582
963,-20.75075075075075,46.3963963963964,113.26247702585472
964,-13.663663663663662,46.496496496496505,116.53000970549124
965,24.954954954954957,46.5965965965966,115.35473047353591
966,-21.11111111111111,46.696696696696705,108.19375437266063
967,0.5705705705705704,46.7967967967968,114.50065958541435
968,-20.81081081081081,46.896896896896905,112.38748766550822
969,26.756756756756758,46.996996996997,118.32866215508953
970,-15.645645645645645,47.097097097097105,117.83176260700247
971,-2.912912912912912,47.1971971971972,101.53940914848356
972,17.327327327327325,47.297297297297305,101.02046644037151
973,18.108108108108105,47.3973973973974,102.15380859735752
974,-29.33933933933934,47.497497497497505,106.81886628986162
975,15.705705705705704,47.5975975975976,106.62627626116344
976,-27.71771771771772,47.697697697697706,108.30837281767602
977,24.054054054054056,47.7977977977978,122.9043090722825
978,6.936936936936938,47.897897897897906,122.95590354983506
979,-7.057057057057058,47.997997997998,107.4843394519152
980,22.372372372372375,48.098098098098106,124.118780306177
981,20.330330330330327,48.1981981981982,109.53143457658638
982,-28.31831831831832,48.298298298298306,109.50783427259
983,-6.996996996996998,48.3983983983984,111.69131445508724
984,11.921921921921921,48.498498498498506,109.29253614347785
985,-6.696696696696698,48.5985985985986,111.47091403986155
986,24.714714714714717,48.698698698698706,126.13742906456913
987,-15.765765765765765,48.7987987987988,126.57680454271569
988,16.366366366366364,48.898898898898906,111.65332323709495
989,-0.9909909909909906,48.998998998999,108.02888427035958
990,26.936936936936938,49.09909909909911,129.2018823234074
991,-2.6726726726726717,49.1991991991992,111.95528544568553
992,-19.96996996996997,49.29929929929931,124.7451104964903
993,-18.88888888888889,49.3993993993994,129.43554626142515
994,-2.792792792792792,49.49949949949951,115.98480573283149
995,-17.62762762762763,49.5995995995996,127.98254223644955
996,29.45945945945946,49.69969969969971,134.26288989811403
997,-17.92792792792793,49.7997997997998,129.72723262232262
998,-0.09009009009009006,49.89989989989991,121.21084369255145
999,-11.501501501501501,50.0,130.88031831633464
